{
    "FactionName":  "Crimson Corsairs",
    "SymbolDescription":  "A black flag with a crimson skull and crossed cutlasses, symbolizing their ruthless and rebellious nature.",
    "GovernmentType":  "Pirate Confederacy",
    "LeadershipScore":  6,
    "LeadershipDescription":  "The Crimson Corsairs are led by a council of the most feared and successful pirate captains. Decisions are made through a combination of strength, cunning, and occasional duels.",
    "NameOfLeader":  "Captain Marla \u0027Red-Eye\u0027 Drake",
    "ElectionProcess":  "Leadership is determined by strength and reputation. Captains gain their positions through displays of prowess, successful raids, and loyalty from their crew. The most influential captains form the council that leads the faction.",
    "EconomyScore":  3,
    "EconomyDescription":  "The economy of the Crimson Corsairs is built on plunder and smuggling. They raid trade routes, steal valuable cargo, and engage in black market trading. Their economy is volatile, dependent on the success of their raids and illicit deals.",
    "Currency":  "Predominantly barter-based with stolen goods and valuable resources, though Galactic Standard OBit is also used for trade with more legitimate entities.",
    "MilitaryScore":  7,
    "MilitaryDescription":  "The Crimson Corsairs maintain a fleet of fast, heavily-armed ships designed for quick strikes and evasive maneuvers. Their military doctrine focuses on surprise attacks, guerrilla tactics, and leveraging their knowledge of uncharted space.",
    "DiplomaticRelationships":  "The Crimson Corsairs have strained relationships with most established factions due to their piratical activities. However, they have secret alliances with certain factions willing to trade for stolen goods or require mercenary services.",
    "ArchitecturalStyle":  "The architecture within the Corsair\u0027s hideouts is rugged and utilitarian, built from salvaged materials and designed for quick assembly and disassembly. Their bases are often hidden within asteroid fields or on desolate moons.",
    "PopulationScore":  4,
    "Population":  3000000,
    "FreedomIndex":  6,
    "Slavery":  "Not allowed; the Corsairs value freedom and personal loyalty among their ranks.",
    "Incarceration":  "Punishments are severe but rare. Infractions are dealt with through fines, forced labor, or exile rather than long-term incarceration. Discipline is often maintained through fear and loyalty.",
    "UnityScore":  5,
    "TechnologyScore":  6,
    "TechnologyDescription":  "The Corsairs use a mix of stolen and salvaged technology. Their ships are patched together from various sources, and they excel in electronic warfare and stealth technologies. Innovation is driven by necessity and improvisation.",
    "Religion":  "Diverse and eclectic; many Corsairs follow personal creeds or superstitions. There is no dominant religion, but pirate legends and myths hold a significant cultural influence.",
    "History":  "The Crimson Corsairs were founded by a group of exiled captains who banded together to survive and thrive outside the law. Over the years, they have built a reputation for daring raids, elusive tactics, and a fierce independence.",
    "Language":  "Pirate\u0027s Cant, a hybrid language composed of trade lingo, nautical terms, and coded phrases. It\u0027s designed for quick and secretive communication among pirates.",
    "ValuesAndEthics":  "The Corsairs value freedom, loyalty to one\u0027s crew, and the pursuit of wealth and adventure. They live by a loose code of honor that emphasizes trust among pirates and ruthless tactics against outsiders.",
    "SocialStructure":  "The society is meritocratic, with social status determined by one\u0027s reputation, combat skills, and success in raids. Wealth and influence can shift rapidly based on recent exploits.",
    "LegalSystem":  "The Corsairs follow a pirate code that dictates behavior and resolves disputes. The code is enforced by the captains\u0027 council and respected by all members.",
    "EducationScore":  3,
    "EducationDescription":  "Education is informal and practical, focused on skills necessary for piracy, such as navigation, combat, and mechanics. Apprenticeships and hands-on experience are the primary methods of learning.",
    "HealthCare":  "Basic and often improvised. Medical care is provided by ship medics with varying degrees of expertise. Advanced medical facilities are rare and often salvaged or stolen.",
    "Infrastructure":  "The Corsairs maintain hidden bases, smuggling routes, and a network of informants. Their infrastructure is designed for mobility and secrecy, with a focus on supply caches and hidden repair yards.",
    "NotableFigures":  "Captain Marla \u0027Red-Eye\u0027 Drake, infamous for her daring heists and strategic brilliance.",
    "PopularSport":  "\u0027Space Jousting,\u0027 a high-stakes sport where pilots duel in small, agile spacecraft.",
    "ConflictingInternalFactions":  "Various pirate crews occasionally clash over territory, loot, or leadership disputes. Rivalries are common, but outright conflict is usually avoided to maintain overall strength.",
    "ResourceDependency":  "The Corsairs rely on stolen fuel and parts for their ships, making them dependent on successful raids.",
    "FoodDependency":  "They are self-sufficient for basic provisions but depend on raids and smuggling for luxury items and diverse food supplies.",
    "ActiveWars":  "The Corsairs are not engaged in formal wars but are constantly in conflict with security forces and trade fleets.",
    "SpecificAgreements":  "Secret pacts with shady merchants and corrupt officials who trade in stolen goods and provide safe harbor in exchange for a cut of the profits.",
    "SpecialPublicHolidays":  [
                                  "Founders\u0027 Day: Celebrating the founding captains and their first successful heist.",
                                  "Raiders\u0027 Feast: An annual celebration of the most successful raid of the year."
                              ],
    "FoodCulture":  "Simple and practical, often consisting of preserved foods and easily stored rations. Fresh food is a luxury enjoyed after successful raids.",
    "ClothingCulture":  "Practical and rugged clothing suited for space travel and combat. Special attire includes decorated captain\u0027s coats, tricorn hats, and symbols of rank or achievements.",
    "PrimaryIndustries":  [
                              "Piracy",
                              "Smuggling",
                              "Salvage operations",
                              "Mercenary work"
                          ],
    "GDP":  9000000000,
    "GDPPerCapita":  3000,
    "Cloning":  "Cloning is viewed with suspicion and is rarely used. Cloned body parts are more accepted for medical purposes.",
    "Cybernetics":  "Cybernetic enhancements are common, especially for combat and survival. They are seen as tools to gain an edge in raids and battles.",
    "MajorCriminalOrganisations":  [
                                       {
                                           "Name":  "The Black Market Guild",
                                           "Activity":  "Specializes in trading stolen goods."
                                       },
                                       {
                                           "Name":  "The Red Blades",
                                           "Activity":  "A group focused on mercenary work and high-profile heists."
                                       },
                                       {
                                           "Name":  "Shadow Traders",
                                           "Activity":  "Experts in smuggling and covert operations."
                                       }
                                   ],
    "Sector":  "Sector 2",
    "Homeworld":  "Barra do Corda-2_0014",
    "XCoord":  "996",
    "YCoord":  "1947"
}
