{
    "FactionName":  "Serenity Collective",
    "SymbolDescription":  "A stylized globe surrounded by intertwining vines, symbolizing harmony and interconnectedness.",
    "LeadershipScore":  8,
    "LeadershipDescription":  "Democratic Council, led by elected representatives from diverse cultural and academic backgrounds.",
    "NameOfLeader":  "Council Speaker Aria Nara",
    "ElectionProcess":  "Elections are held every five years, with multiple parties competing. Voting is digital and overseen by an independent electoral commission to ensure fairness.",
    "EconomyScore":  2,
    "EconomyDescription":  "Based on sustainable agriculture, biotechnology, and eco-friendly technologies. They prioritize environmental conservation and renewable resources.",
    "Currency":  "Harmony Credit (HC), a digital currency used for transactions within the Collective, backed by sustainable economic practices.",
    "MilitaryScore":  3,
    "MilitaryDescription":  "Maintains a small defensive force primarily for local security. Emphasizes diplomacy and peaceful resolution of conflicts.",
    "DiplomaticRelationships":  "Allies: Various ecological and humanitarian alliances. Neutral relations with neighboring factions.",
    "ArchitecturalStyle":  "Organic architecture blending with natural landscapes, using sustainable materials like recycled metals and bio-engineered structures. Cities are designed to coexist harmoniously with surrounding ecosystems.",
    "PopulationScore":  6,
    "Population":  50000000,
    "FreedomIndex":  9,
    "Slavery":  "Prohibited under all circumstances, with strong protections for individual rights and freedoms.",
    "Incarceration":  "Rare, with a focus on rehabilitation and community service for minor offenses. Emphasis on restorative justice and education.",
    "UnityScore":  9,
    "TechnologyScore":  6,
    "TechnologyDescription":  "Advanced in biotechnology, ecological engineering, and sustainable energy solutions. They prioritize research and development in environmental sciences.",
    "Religion":  "Varied beliefs, with emphasis on spiritual connections to nature and universal harmony. Freedom of religion is protected by law.",
    "History":  "Founded by environmental activists and scientists seeking to create a society in harmony with nature. They gained prominence through peaceful advocacy and international cooperation.",
    "Language":  "Serenity Standard (SS), a blend of linguistic elements from diverse cultural backgrounds, emphasizing inclusivity and mutual understanding.",
    "ValuesAndEthics":  "Environmental stewardship, equality, diversity, and peaceful coexistence. The Serenity Collective promotes cultural exchange and global cooperation.",
    "SocialStructure":  "Egalitarian society with emphasis on education, environmental consciousness, and community engagement. Social mobility is encouraged through merit and contribution to the Collective.",
    "LegalSystem":  "Civil law system based on principles of environmental justice and human rights. Strong protections for minority rights and environmental conservation laws.",
    "EducationScore":  8,
    "EducationDescription":  "Comprehensive and accessible education system focusing on environmental sciences, sustainable practices, and cultural diversity.",
    "HealthCare":  "Universal healthcare system funded through collective resources, emphasizing preventative care, mental health services, and holistic wellness.",
    "Infrastructure":  "Integrated network of eco-cities and bio-domes, agricultural habitats, and renewable energy facilities. Extensive use of green technologies and environmental monitoring systems.",
    "NotableFigures":  [
                           "Dr. Mei Lin, renowned biologist and advocate for sustainable agriculture.",
                           "Professor Kael Tariq, leading expert in ecological engineering and founder of the Serenity Institute for Environmental Studies."
                       ],
    "PopularSport":  "Harmony Games, a celebration of cultural diversity and athletic prowess, featuring eco-friendly competitions and community festivities.",
    "ConflictingInternalFactions":  [
                                        {
                                            "Name":  "Renewal Movement",
                                            "Description":  "Advocates for more aggressive environmental policies and stricter regulations on resource consumption."
                                        },
                                        {
                                            "Name":  "Techno-Optimists",
                                            "Description":  "Promotes the integration of advanced technology into everyday life to enhance environmental sustainability and societal progress."
                                        }
                                    ],
    "ResourceDependency":  [
                               {
                                   "Resource":  "Bio-Essence",
                                   "Description":  "Bio-Essence, a bio-engineered material essential for ecological restoration and sustainable construction projects within the Collective."
                               },
                               {
                                   "Resource":  "Solarite Crystals",
                                   "Description":  "Solarite crystals, used as energy sources for renewable power grids and advanced technological applications."
                               }
                           ],
    "FoodDependency":  [
                           {
                               "Resource":  "Organic Nutri-Synth",
                               "Description":  "Organic Nutri-Synth, a genetically modified food source grown in vertical farms and hydroponic gardens to sustain the Collective\u0027s population."
                           }
                       ],
    "ActiveWars":  [

                   ],
    "SpecificAgreements":  [
                               {
                                   "Type":  "Ecological Pact",
                                   "Description":  "An ecological pact with the Green Alliance, focusing on collaborative efforts for global biodiversity conservation and climate resilience."
                               },
                               {
                                   "Type":  "Cultural Exchange Treaty",
                                   "Description":  "A treaty with the Stellar Republic for cultural exchange programs and mutual support in educational initiatives."
                               }
                           ],
    "SpecialPublicHolidays":  [
                                  {
                                      "Name":  "Harmony Day",
                                      "Description":  "Celebrates unity and cultural diversity within the Serenity Collective, featuring communal feasts, music performances, and environmental awareness campaigns."
                                  },
                                  {
                                      "Name":  "Founder\u0027s Day",
                                      "Description":  "Honors the founders of the Collective and their vision of creating a sustainable and harmonious society, with educational seminars and community service projects."
                                  },
                                  {
                                      "Name":  "Earth Renewal Festival",
                                      "Description":  "An annual event celebrating nature\u0027s renewal and the Collective\u0027s commitment to ecological restoration, featuring tree planting ceremonies and eco-friendly art exhibitions."
                                  }
                              ],
    "FoodCulture":  "Emphasizes organic, locally sourced foods prepared with minimal environmental impact. Plant-based diets are common, supplemented by sustainable protein sources.",
    "ClothingCulture":  "Casual attire made from eco-friendly fabrics, reflecting individual styles and cultural diversity. Formal wear incorporates natural motifs and earth tones, symbolizing harmony with nature.",
    "PrimaryIndustries":  [
                              "Sustainable Agriculture",
                              "Biotechnology",
                              "Renewable Energy"
                          ],
    "GDP":  90000000000,
    "GDPPerCapita":  1800,
    "Cloning":  "Prohibited for ethical reasons, except in medical emergencies with strict regulations and oversight.",
    "Cybernetics":  "Embraced for medical purposes and physical rehabilitation, with ethical guidelines to ensure integration with natural biology and environmental compatibility.",
    "MajorCriminalOrganisations":  [
                                       {
                                           "Name":  "Green Smokes",
                                           "Description":  "An underground group involved in bio-piracy and illegal trade of endangered species and rare botanicals."
                                       },
                                       {
                                           "Name":  "Harmony Raiders",
                                           "Description":  "A band of eco-terrorists opposing technological advancements and advocating for a return to primal lifestyles."
                                       }
                                   ],
    "Sector":  "Sector 2",
    "Homeworld":  "Dowr-e Rabat-2_0144",
    "XCoord":  "199",
    "YCoord":  "732"
}
