{
    "FactionName":  "Stellar Directorate of Solitude",
    "SymbolDescription":  "A clenched fist clutching a burning star, symbolizing power, isolation, and defiance.",
    "GovernmentType":  "Authoritarian Regime",
    "LeadershipScore":  7,
    "LeadershipDescription":  "The Stellar Directorate of Solitude is governed by a supreme leader and a centralized authority, wielding absolute power over all aspects of society. Decisions prioritize military strength, isolationism, and protectionism.",
    "NameOfLeader":  "Supreme Leader General Kirov",
    "ElectionProcess":  "The supreme leader of Solitude is selected through a tightly controlled process within the ruling elite, with candidates chosen based on military and ideological loyalty. The final selection is confirmed through state-sponsored ceremonies and approval by key military and political figures.",
    "EconomyScore":  3,
    "EconomyDescription":  "The economy of Solitude is heavily centralized and controlled by the state, focusing on basic industrial sectors such as mining, heavy manufacturing, and military production. Economic policies emphasize self-sufficiency and isolation from external trade.",
    "Currency":  "Directive Credit",
    "MilitaryScore":  9,
    "MilitaryDescription":  "Solitude maintains a powerful military force, boasting advanced weaponry and a large standing army. Their military strategy revolves around defense, deterrence, and showcasing military prowess to deter potential adversaries.",
    "DiplomaticRelationships":  "The Directorate maintains a hostile and suspicious stance towards neighboring factions, viewing external influence as a threat to their sovereignty. Diplomatic relations are minimal, characterized by isolationism and occasional aggression.",
    "ArchitecturalStyle":  "Solitude\u0027s architecture is imposing and militaristic, featuring fortified structures, underground bunkers, and monumental statues glorifying military achievements. Urban centers are designed for defense and centralized control.",
    "PopulationScore":  5,
    "Population":  50000000,
    "FreedomIndex":  1,
    "Slavery":  "Not officially allowed, but forced labor and state-mandated conscription resemble forms of involuntary servitude.",
    "Incarceration":  "High incarceration rates with a focus on forced labor and corrective punishment.",
    "UnityScore":  4,
    "TechnologyScore":  6,
    "TechnologyDescription":  "Moderate technology level with a focus on military applications. Basic level AI is used for surveillance and logistics but advanced AI development is restricted.",
    "Religion":  "State ideology serves as the predominant belief system, glorifying the supreme leader and promoting loyalty to the Directorate. Dissent is suppressed, and religious practices are heavily regulated or forbidden.",
    "History":  "Established after a violent revolution against previous colonial rulers, Solitude emerged as an isolationist regime dedicated to self-reliance and military strength. Internal propaganda glorifies the revolution and demonizes external influence.",
    "Language":  "Directive Standard, a heavily regulated language emphasizing loyalty to the state and conformity to state ideology. Communications are monitored for dissent or anti-regime sentiments.",
    "ValuesAndEthics":  "Militarism, Isolationism, State Loyalty",
    "SocialStructure":  "Society is highly regimented, with strict social hierarchies based on loyalty to the state and contributions to the military. Access to resources and privileges are determined by one\u0027s loyalty and adherence to state ideology.",
    "LegalSystem":  "Legal system is draconian, emphasizing obedience to state laws and punishments for dissent or anti-regime activities. Judicial proceedings are controlled by the state, ensuring conformity to state ideology.",
    "EducationScore":  4,
    "EducationDescription":  "Education is heavily controlled and indoctrinative, focusing on state ideology, military training, and technical skills beneficial to the state\u0027s economic and military goals. Critical thinking and dissenting ideas are discouraged.",
    "HealthCare":  "Healthcare services are basic and limited, prioritizing military personnel and key state officials. Access to healthcare is often determined by one\u0027s loyalty to the regime.",
    "Infrastructure":  "Infrastructure prioritizes military installations, state propaganda centers, and essential industrial facilities. Public infrastructure is basic, with limited amenities and resources diverted to military needs.",
    "NotableFigures":  "Supreme Leader General Kirov, revered military strategist and architect of Solitude\u0027s militaristic policies.",
    "PopularSport":  "Gladiatorial Combat Games, a brutal spectacle showcasing military prowess and combat skills in arena battles.",
    "ConflictingInternalFactions":  [
                                        {
                                            "Name":  "Isolationist Vanguard",
                                            "Description":  "Advocates for even stricter isolationist policies and opposes any form of engagement with external factions."
                                        },
                                        {
                                            "Name":  "Reformists for Civil Liberties",
                                            "Description":  "Seeks to introduce reforms that grant more civil liberties and freedoms to the population, challenging the Directorate\u0027s authoritarian control."
                                        },
                                        {
                                            "Name":  "Resource Allocation Reformists",
                                            "Description":  "Critiques the centralized economic planning and advocates for more efficient resource allocation and economic diversification."
                                        }
                                    ],
    "ResourceDependency":  [
                               {
                                   "Resource":  "Solarian Crystals",
                                   "Description":  "Solarian crystals are rare mineral deposits found only on specific planets within Solitude\u0027s territory. They are crucial for powering advanced energy weapons and shielding systems."
                               }
                           ],
    "FoodDependency":  [
                           {
                               "Resource":  "Solar Grain",
                               "Description":  "Solar Grain is a genetically modified crop grown under artificial light on space stations and underground facilities. It serves as a staple food source for the Solitude population, ensuring food security amidst isolation."
                           }
                       ],
    "ActiveWars":  [

                   ],
    "SpecificAgreements":  [

                           ],
    "SpecialPublicHolidays":  [
                                  {
                                      "Name":  "Revolution Day",
                                      "Description":  "Commemorates the successful revolution that established the Stellar Directorate of Solitude, with military parades and speeches by state leaders."
                                  },
                                  {
                                      "Name":  "Supreme Leader\u0027s Ascension Day",
                                      "Description":  "Celebrates the ascension of the current supreme leader to power, with public ceremonies and displays of loyalty."
                                  },
                                  {
                                      "Name":  "Victory in Solitude Defense War",
                                      "Description":  "Marks a significant military victory against external invaders, with national celebrations and honors for military heroes."
                                  },
                                  {
                                      "Name":  "Founding of Directive Standard",
                                      "Description":  "Recognizes the establishment of the Directive Standard language as the official language of Solitude, reinforcing state control over communication and propaganda."
                                  },
                                  {
                                      "Name":  "Day of Eternal Vigilance",
                                      "Description":  "Remembers the sacrifices made by soldiers and civilians in defense of Solitude\u0027s sovereignty, with solemn ceremonies and nationwide remembrance."
                                  }
                              ],
    "FoodCulture":  "Basic and functional, focusing on sustenance rather than luxury. Staple foods include Solar Grain-based products and preserved rations.",
    "ClothingCulture":  "Functional and utilitarian, with military-style uniforms common. Special events feature more elaborate dress uniforms with insignia denoting rank and loyalty.",
    "PrimaryIndustries":  "Mining, Heavy Manufacturing, Military Production",
    "GDP":  150000000000,
    "GDPPerCapita":  3000,
    "Cloning":  "Cloning is strictly controlled and primarily used for medical purposes, such as growing organs for transplantation. Cloning of individuals is forbidden.",
    "Cybernetics":  "Cybernetics are regulated, with enhancements primarily allowed for military personnel. Civilian use is restricted and closely monitored.",
    "MajorCriminalOrganisations":  [
                                       {
                                           "Name":  "Void Serpents",
                                           "Description":  "A notorious spacefaring gang specializing in piracy, hijacking cargo ships, and smuggling illicit goods across the sector."
                                       },
                                       {
                                           "Name":  "Eclipse Syndicate",
                                           "Description":  "An underground network involved in illegal mining operations, black market trading of rare minerals, and corporate espionage."
                                       },
                                       {
                                           "Name":  "Shadow Cartel",
                                           "Description":  "A clandestine organization focused on cybercrime, including data theft, hacking, and digital extortion targeting both individuals and corporations."
                                       },
                                       {
                                           "Name":  "Iron Fist Consortium",
                                           "Description":  "A powerful cartel engaged in arms trafficking, mercenary operations, and enforcing their will through violence and intimidation."
                                       },
                                       {
                                           "Name":  "Midnight Brokers",
                                           "Description":  "Specialize in illicit financial activities, money laundering, and facilitating high-stakes illegal transactions between powerful entities."
                                       }
                                   ],
    "Sector":  "Sector 2",
    "Homeworld":  "Poughkeepsie-2_0012",
    "XCoord":  "2063",
    "YCoord":  "3476"
}
