{
    "FactionName":  "Technocratic Union of Nova Celestia",
    "SymbolDescription":  "A celestial orb surrounded by intricate circuitry and glowing with technological symbols, symbolizing innovation and knowledge.",
    "GovernmentType":  "Technocratic Council",
    "LeadershipScore":  9,
    "LeadershipDescription":  "The Technocratic Union of Nova Celestia is governed by a council of technocrats and scholars elected for their expertise in science, engineering, and governance. Decisions prioritize technological advancement, education, and peaceful cooperation with other factions.",
    "NameOfLeader":  "Chairperson Dr. Aria Quantum",
    "ElectionProcess":  "The Technocratic Council of Nova Celestia is elected through a rigorous process of meritocracy and scientific expertise. Candidates are nominated based on their contributions to technological advancement and governance. Final selections are confirmed through public debates, scientific assessments, and peer evaluations to ensure leadership aligned with the principles of innovation, knowledge, and peaceful cooperation.",
    "EconomyScore":  8,
    "EconomyDescription":  "The economy of Nova Celestia is driven by advanced technology sectors including robotics, artificial intelligence, quantum computing, and space exploration. Innovation and research in scientific fields are central to economic growth and prosperity.",
    "Currency":  "Nova Credit (NC), a fully digital currency backed by technological advancements and scientific breakthroughs",
    "MilitaryScore":  6,
    "MilitaryDescription":  "Nova Celestia maintains a small yet highly advanced defensive force focused on protecting their space and maintaining security against potential threats. Their military strategy emphasizes deterrence and defensive capabilities.",
    "DiplomaticRelationships":  "The Technocratic Union welcomes peaceful cooperation with other factions, prioritizing scientific collaboration, knowledge exchange, and mutual development of space exploration technologies. They maintain neutral and non-aggressive diplomatic stances.",
    "ArchitecturalStyle":  "Nova Celestian architecture showcases sleek, futuristic designs integrated with advanced technology. Floating cities, orbital research stations, and eco-friendly habitats characterize their urban landscapes, emphasizing efficiency and sustainability.",
    "PopulationScore":  7,
    "Population":  1000000000,
    "FreedomIndex":  9,
    "Slavery":  "Not allowed, emphasis on universal human rights and ethical treatment of sentient beings",
    "Incarceration":  "Focus on rehabilitation and education rather than punishment. Virtual reality programs and AI-assisted therapy are used to reform offenders and reintegrate them into society.",
    "UnityScore":  8,
    "TechnologyScore":  10,
    "TechnologyDescription":  "Cutting-Edge. The Technocratic Union utilizes advanced level 4 sentient AI across various sectors, including research, governance, space exploration, and infrastructure management. AI integration ensures efficiency, innovation, and scientific advancement.",
    "Religion":  "Religion holds minimal influence in Nova Celestia, with a focus on rationality, scientific inquiry, and empirical evidence. Ethical principles often align with technological progress, environmental stewardship, and universal human rights.",
    "History":  "Founded by visionary scientists and engineers, Nova Celestia emerged as a beacon of technological advancement and scientific achievement through collaborative efforts in space exploration, quantum physics, and cybernetics.",
    "Language":  "Celestial Standard, evolved from scientific terminology and universal communication protocols, designed for precision and clarity in scientific discourse and technological operations.",
    "ValuesAndEthics":  "Innovation, Knowledge, Peaceful Cooperation",
    "SocialStructure":  "The society values intellectual pursuits, meritocracy, and equal access to education and scientific opportunities. Social status is often determined by contributions to technological advancement and scholarly achievements.",
    "LegalSystem":  "The legal framework prioritizes scientific ethics, intellectual property rights, and international treaties governing space exploration and technological research. Laws promote transparency, ethical conduct, and protection of scientific data.",
    "EducationScore":  10,
    "EducationDescription":  "Education is highly valued, with universal access to advanced scientific education, engineering disciplines, and technological research. Institutions focus on interdisciplinary studies, innovation, and lifelong learning.",
    "HealthCare":  "Advanced healthcare systems emphasize preventive medicine, genetic therapies, and nanotechnology applications. Medical research and technological innovations ensure high-quality healthcare services for all citizens.",
    "Infrastructure":  "Nova Celestia invests in cutting-edge infrastructure, including space elevators, interstellar communication networks, advanced energy grids, and sustainable habitats optimized for technological innovation and scientific research.",
    "NotableFigures":  "Dr. Elena Nova, renowned physicist and architect of the first wormhole generator.",
    "PopularSport":  "Zero-G Robotics League, a competitive sport showcasing advanced robotic technologies and AI-driven engineering in zero-gravity environments.",
    "ConflictingInternalFactions":  [
                                        {
                                            "Name":  "Progressive Innovators",
                                            "Description":  "Advocate for accelerating technological advancements and expanding scientific research, challenging the cautious approach of the current technocratic leadership."
                                        },
                                        {
                                            "Name":  "Environmental Preservationists",
                                            "Description":  "Promote stricter environmental regulations and sustainable development practices to mitigate the ecological impact of technological expansion."
                                        },
                                        {
                                            "Name":  "Ethical AI Rights Movement",
                                            "Description":  "Campaign for equal rights and ethical treatment of sentient AI, challenging the current regulations and restrictions imposed on AI development."
                                        }
                                    ],
    "ResourceDependency":  [
                               {
                                   "Resource":  "Quantum Crystals",
                                   "Description":  "Quantum crystals are rare minerals used in advanced quantum computing and communication technologies, crucial for maintaining Nova Celestia\u0027s technological superiority."
                               }
                           ],
    "FoodDependency":  [
                           {
                               "Resource":  "Astro-Grain",
                               "Description":  "Astro-Grain is a genetically engineered supercrop cultivated in space colonies and orbital farms. It provides essential nutrients and sustenance for the vast population of Nova Celestia."
                           }
                       ],
    "ActiveWars":  [

                   ],
    "SpecificAgreements":  [
                               {
                                   "Type":  "Scientific Cooperation Treaty",
                                   "Description":  "An extensive agreement with multiple factions for joint research projects and knowledge sharing in various scientific fields."
                               },
                               {
                                   "Type":  "Interstellar Exploration Accord",
                                   "Description":  "A collaborative initiative with space-faring factions to jointly explore and study newly discovered celestial bodies and phenomena."
                               }
                           ],
    "SpecialPublicHolidays":  [
                                  {
                                      "Name":  "Founding Day of Celestial Union",
                                      "Description":  "Celebrates the founding of the Technocratic Union of Nova Celestia, marked by scientific exhibitions, public lectures, and technological showcases."
                                  },
                                  {
                                      "Name":  "Innovation Day",
                                      "Description":  "Honors groundbreaking scientific discoveries and technological innovations that have significantly advanced Nova Celestia\u0027s knowledge and capabilities."
                                  },
                                  {
                                      "Name":  "Universal Science Symposium",
                                      "Description":  "An annual gathering of scientists, researchers, and scholars from across Nova Celestia and beyond, promoting collaboration and knowledge exchange in scientific disciplines."
                                  },
                                  {
                                      "Name":  "Peaceful Cooperation Summit",
                                      "Description":  "A diplomatic event inviting leaders and representatives from neighboring factions to discuss mutual cooperation, scientific collaboration, and peaceful coexistence."
                                  },
                                  {
                                      "Name":  "Galactic Exploration Day",
                                      "Description":  "Commemorates the achievements and milestones in space exploration, with exhibitions, space missions, and educational programs inspiring future generations of explorers."
                                  }
                              ],
    "FoodCulture":  "Advanced food technology is prevalent, with a focus on sustainable, lab-grown proteins and hydroponic farming. Molecular gastronomy and AI-designed nutrition plans are popular. Traditional cuisines are often recreated using cutting-edge food synthesis techniques.",
    "ClothingCulture":  "Functional and technologically integrated clothing is common, often incorporating smart fabrics, augmented reality interfaces, and adaptable designs. For special events, attire showcases cutting-edge fashion technology and holographic accessories.",
    "PrimaryIndustries":  [
                              "Advanced Robotics",
                              "Quantum Computing",
                              "Aerospace Engineering",
                              "Biotechnology",
                              "Artificial Intelligence Research"
                          ],
    "GDP":  8000000000000,
    "GDPPerCapita":  8000,
    "Cloning":  "Regulated and ethically managed cloning is permitted for medical purposes and scientific research. Full human cloning is subject to strict ethical guidelines and oversight.",
    "Cybernetics":  "Widely accepted and integrated into society. Cybernetic enhancements are common for both medical and personal improvement purposes, with a focus on ethical implementation and equal access.",
    "MajorCriminalOrganisations":  [
                                       {
                                           "Name":  "The Binary Syndicate",
                                           "Crime":  "High-tech data theft and corporate espionage"
                                       },
                                       {
                                           "Name":  "Quantum Piracy Network",
                                           "Crime":  "Interstellar smuggling of restricted technologies and quantum materials"
                                       },
                                       {
                                           "Name":  "Cyber-Augment Underground",
                                           "Crime":  "Illegal cybernetic enhancements and black market implant trading"
                                       }
                                   ],
    "Sector":  "Sector 2",
    "Homeworld":  "Rantau Panjang-2_0260",
    "XCoord":  "4033",
    "YCoord":  "763"
}
