{
    "FactionName":  "Union of Celestial Nations",
    "SymbolDescription":  "An interlocking circle of stars symbolizing unity, cooperation, and peaceful coexistence.",
    "GovernmentType":  "Democratic Confederation",
    "LeadershipScore":  5,
    "LeadershipDescription":  "The Union of Celestial Nations is governed by a coalition of elected representatives from member planets, striving for consensus-based decision-making and representing diverse political ideologies.",
    "NameOfLeader":  "President Leona Patel",
    "ElectionProcess":  "The Democratic Confederation of the Union of Celestial Nations conducts elections for representatives from member planets based on democratic principles of universal suffrage and proportional representation. Candidates campaign on platforms reflecting diverse political ideologies and regional concerns. Elected representatives participate in consensus-based decision-making processes to ensure governance aligned with the Union\u0027s values of unity, diversity, and equality.",
    "EconomyScore":  4,
    "EconomyDescription":  "The economy of the Union is moderate, diversified across various sectors such as agriculture, manufacturing, services, and modest interstellar trade. Economic policies focus on stability, growth, and equitable distribution.",
    "Currency":  "Galactic Standard OBit",
    "MilitaryScore":  4,
    "MilitaryDescription":  "The Union maintains a modest defense force primarily for defensive purposes, focusing on peacekeeping missions, disaster relief, and cooperative security agreements with neighboring factions.",
    "DiplomaticRelationships":  "The Union values diplomacy and maintains neutral to friendly relations with neighboring factions, prioritizing peaceful coexistence, trade agreements, and cultural exchange.",
    "ArchitecturalStyle":  "Architectural style varies across member planets, reflecting cultural diversity and regional preferences. Urban centers emphasize functionality, sustainability, and cultural heritage.",
    "PopulationScore":  7,
    "Population":  5000000000,
    "FreedomIndex":  7,
    "Slavery":  "Not allowed, with strict laws prohibiting any form of involuntary servitude or exploitation.",
    "Incarceration":  "Incarceration is rare, with a focus on rehabilitation and community service. Alternative punishments such as fines, house arrest, and mandatory training courses are preferred.",
    "UnityScore":  8,
    "TechnologyScore":  5,
    "TechnologyDescription":  "The Union employs moderate-level technology across various sectors, with a focus on sustainability and efficiency. AI is used for administrative tasks and data analysis, while technological advancements are regulated to ensure ethical use.",
    "Religion":  "Religious diversity is respected within the Union, promoting freedom of belief and secular governance. State policies emphasize tolerance, mutual respect, and separation of church and state.",
    "History":  "Formed through interstellar treaties and agreements, the Union emerged from a period of cooperation and mutual benefit among member planets seeking stability, security, and collective prosperity.",
    "Language":  "Celestial Common, a universal language designed for ease of communication among diverse species and cultures, with a simple grammar and adaptable vocabulary.",
    "ValuesAndEthics":  "Unity, Diversity, Equality",
    "SocialStructure":  "Social structure is egalitarian, with policies promoting equal rights, opportunities, and social mobility across member planets. Cultural diversity is celebrated and integrated into societal norms.",
    "LegalSystem":  "Legal system ensures justice, human rights, and adherence to interstellar treaties. Laws are codified to protect individual liberties, promote societal harmony, and resolve disputes peacefully.",
    "EducationScore":  6,
    "EducationDescription":  "Education is accessible and valued, with public education systems providing foundational knowledge, vocational training, and opportunities for personal development across member planets.",
    "HealthCare":  "Universal healthcare ensures access to essential medical services for all residents, supported by advanced medical technologies and preventive care programs.",
    "Infrastructure":  "Infrastructure is well-developed, focusing on sustainable practices, efficient transportation networks, and advanced communication systems to facilitate interstellar trade and cultural exchange.",
    "NotableFigures":  "President Leona Patel, a diplomatic leader known for promoting unity, cooperation, and progressive policies across the Union.",
    "PopularSport":  "Cosmic Games, an interstellar sports event featuring competitive games and cultural exhibitions among member planets, promoting unity and friendly competition.",
    "ConflictingInternalFactions":  [
                                        {
                                            "Name":  "Federalist Coalition",
                                            "Description":  "Advocates for stronger central governance and harmonization of policies across member planets to enhance collective security and economic prosperity."
                                        },
                                        {
                                            "Name":  "Planetary Autonomy Movement",
                                            "Description":  "Champions the rights of member planets to maintain autonomy in decision-making and resist centralization efforts that could undermine planetary sovereignty."
                                        },
                                        {
                                            "Name":  "Interstellar Trade Guild",
                                            "Description":  "Promotes economic interests and trade agreements between member planets, challenging protectionist policies that limit interstellar commerce."
                                        }
                                    ],
    "ResourceDependency":  [
                               {
                                   "Resource":  "Grain",
                                   "Description":  "Grain is a staple food source cultivated on agricultural planets within the Union, essential for the dietary needs of its population."
                               },
                               {
                                   "Resource":  "Metals",
                                   "Description":  "Metals such as iron, copper, and aluminum are mined on various member planets, used in construction, manufacturing, and infrastructure projects."
                               },
                               {
                                   "Resource":  "Water",
                                   "Description":  "Water is sourced from icy moons and planetary water reserves, crucial for sustaining life and supporting agricultural activities across member planets."
                               }
                           ],
    "FoodDependency":  [
                           {
                               "Resource":  "Fruit",
                               "Description":  "Various fruits are grown on agricultural planets within the Union, providing essential vitamins and nutrients to supplement the diet of its inhabitants."
                           },
                           {
                               "Resource":  "Vegetables",
                               "Description":  "A variety of vegetables are cultivated on agricultural planets, contributing to balanced diets and promoting health and well-being among Union citizens."
                           }
                       ],
    "ActiveWars":  [

                   ],
    "SpecificAgreements":  [
                               {
                                   "Agreement":  "Mutual Defense Pact",
                                   "Description":  "The Union has a mutual defense pact with neighboring factions to ensure collective security and peacekeeping."
                               },
                               {
                                   "Agreement":  "Interstellar Trade Agreement",
                                   "Description":  "An agreement to facilitate and promote interstellar trade among member planets and allied factions."
                               },
                               {
                                   "Agreement":  "Cultural Exchange Program",
                                   "Description":  "A program designed to foster cultural exchange and understanding among member planets and allied factions."
                               }
                           ],
    "SpecialPublicHolidays":  [
                                  {
                                      "Name":  "Union Day",
                                      "Description":  "Celebrates the founding of the Union and the principles of unity, cooperation, and mutual respect among member planets."
                                  },
                                  {
                                      "Name":  "Harvest Festival",
                                      "Description":  "An agricultural celebration honoring the bounty of harvests across member planets, featuring feasts, cultural performances, and community gatherings."
                                  },
                                  {
                                      "Name":  "Peace and Unity Day",
                                      "Description":  "Commemorates peace treaties and diplomatic achievements that have strengthened unity and cooperation among member planets."
                                  },
                                  {
                                      "Name":  "Interstellar Cultural Exchange Week",
                                      "Description":  "A week-long celebration promoting cultural diversity, artistic expression, and mutual understanding among member planets."
                                  },
                                  {
                                      "Name":  "Scientific Innovation Day",
                                      "Description":  "Recognizes achievements in science, technology, and innovation across the Union, highlighting advancements that benefit all member planets."
                                  }
                              ],
    "FoodCulture":  "The Union\u0027s cuisine is diverse, featuring dishes from various member planets that emphasize fresh ingredients, balanced nutrition, and cultural traditions.",
    "ClothingCulture":  "Clothing styles vary widely, reflecting cultural diversity. Common attire includes functional yet stylish garments made from sustainable materials. Special events feature traditional outfits unique to each planet.",
    "PrimaryIndustries":  "Agriculture, Manufacturing, Services, Interstellar Trade",
    "GDP":  20000000000000,
    "GDPPerCapita":  4000,
    "Cloning":  "Cloning is regulated, permitted for medical purposes such as organ replacement but prohibited for creating full human beings.",
    "Cybernetics":  "Cybernetics are accepted and widely used for medical purposes and enhancements, with regulations ensuring ethical use and preventing abuse.",
    "MajorCriminalOrganisations":  [
                                       {
                                           "Name":  "Galactic Shadows",
                                           "Description":  "A secretive criminal organization involved in smuggling, black market trade, and illegal genetic modifications."
                                       },
                                       {
                                           "Name":  "Void Syndicate",
                                           "Description":  "A powerful gang that controls drug trafficking, extortion, and underground fight clubs across several planets."
                                       },
                                       {
                                           "Name":  "Star Pirates",
                                           "Description":  "A group of space pirates notorious for raiding cargo ships and conducting heists on remote outposts."
                                       }
                                   ],
    "Sector":  "Sector 2",
    "Homeworld":  "Chesapeake-2_0011",
    "XCoord":  "4659",
    "YCoord":  "2380"
}
