{
    "FactionName":  "Unity Alliance",
    "SymbolDescription":  "A stylized globe surrounded by intertwining vines symbolizing unity and harmony.",
    "GovernmentType":  "Democratic Federation",
    "LeadershipScore":  8,
    "LeadershipDescription":  "The Unity Alliance is governed by a democratic council composed of representatives from various member planets, ensuring broad participation and consensus-based decision-making.",
    "NameOfLeader":  "Dr. Liana Voss",
    "ElectionProcess":  "Elections are held regularly, with representatives chosen by the populations of member planets. The electoral process emphasizes transparency, fairness, and broad participation, ensuring diverse voices are heard in the governance of the Unity Alliance.",
    "EconomyScore":  10,
    "EconomyDescription":  "The economy of the Unity Alliance is diversified, with a focus on sustainable development and interstellar trade. Key industries include renewable energy, advanced manufacturing, and cultural exports.",
    "Currency":  "Unity Credit",
    "MilitaryScore":  5,
    "MilitaryDescription":  "The military of the Unity Alliance is primarily defensive-oriented, focusing on peacekeeping missions and cooperative defense agreements with member planets. It maintains a well-equipped space fleet but avoids aggressive expansion.",
    "DiplomaticRelationships":  "The Unity Alliance maintains strong diplomatic relations with neighboring factions, emphasizing cooperation, mutual respect, and non-interference in internal affairs.",
    "ArchitecturalStyle":  "Unity architecture is characterized by organic forms and eco-friendly designs, blending seamlessly with natural landscapes and emphasizing harmony with the environment.",
    "PopulationScore":  8,
    "Population":  500000000000,
    "FreedomIndex":  9,
    "Slavery":  "Not allowed",
    "Incarceration":  "Incarceration is rare, with a focus on rehabilitation and community service. Alternative punishments such as fines, house arrest, and mandatory training courses are preferred.",
    "UnityScore":  9,
    "TechnologyScore":  9,
    "TechnologyDescription":  "The Unity Alliance employs advanced level 4 sentient AI for various purposes, including governance support, scientific research, and autonomous systems in space exploration and infrastructure management.",
    "Religion":  "The Unity Alliance respects diverse spiritual beliefs, advocating for freedom of religion and promoting secular governance. Spirituality is often integrated with environmental stewardship and ethical living.",
    "History":  "Founded after a series of interstellar conflicts, the Unity Alliance emerged from a coalition of planets committed to peace, cooperation, and collective prosperity.",
    "Language":  "Unified Galactic Standard (UGS) is the official language, designed for ease of communication across different species and cultures, with a phonetic script and simplified grammar, derived from English.",
    "ValuesAndEthics":  "Unity, Diversity, Sustainability",
    "SocialStructure":  "The society values equality and social justice, promoting equal rights and opportunities for all citizens regardless of species or background.",
    "LegalSystem":  "A unified legal code ensures justice and equality under the law, emphasizing universal human rights and environmental protection.",
    "EducationScore":  9,
    "EducationDescription":  "Education is highly valued, with free access to quality education from early childhood to advanced studies. Emphasis on scientific inquiry, cultural exchange, and critical thinking.",
    "HealthCare":  "Universal healthcare ensures access to comprehensive medical services for all citizens, supported by advanced medical technologies and holistic approaches to wellness.",
    "Infrastructure":  "The Unity Alliance invests heavily in sustainable infrastructure, including renewable energy sources, efficient transportation networks, and eco-friendly urban planning.",
    "NotableFigures":  "Dr. Liana Voss, renowned environmental scientist and advocate for planetary conservation who is a vocal contributor to federal politics in her various advisory roles.",
    "PopularSport":  "Galactic Super Soccer League, a popular interplanetary sport promoting teamwork and cultural exchange.",
    "ConflictingInternalFactions":  [
                                        {
                                            "Name":  "Technological Progressives",
                                            "Description":  "Advocates for rapid technological advancement and greater integration of AI in daily life, pushing the boundaries of scientific and technological possibilities."
                                        },
                                        {
                                            "Name":  "Cultural Preservationists",
                                            "Description":  "Focuses on preserving traditional cultures and resisting rapid change, advocating for balanced development that respects historical and cultural heritage."
                                        },
                                        {
                                            "Name":  "Environmental Guardians",
                                            "Description":  "Prioritizes environmental sustainability and strict conservation efforts, sometimes opposing industrial projects that threaten ecological balance."
                                        }
                                    ],
    "ResourceDependency":  [
                               {
                                   "Resource":  "Quantum Crystals",
                                   "Description":  "Quantum crystals are rare minerals used in advanced technology, particularly in quantum computing and communication systems, vital for the Unity Alliance\u0027s advanced technological infrastructure."
                               },
                               {
                                   "Resource":  "Bio-Energy",
                                   "Description":  "Bio-energy derived from organic matter and sustainable agricultural practices serves as a renewable energy source, supporting the Unity Alliance\u0027s commitment to environmental sustainability."
                               },
                               {
                                   "Resource":  "Galactic Alloy",
                                   "Description":  "Galactic alloy is a specialized material used in spacecraft construction, infrastructure development, and advanced manufacturing within the Unity Alliance, enhancing durability and performance."
                               }
                           ],
    "FoodDependency":  [
                           {
                               "Resource":  "Hydroponic Vegetables",
                               "Description":  "Vegetables grown in hydroponic farms are a key part of the diet, ensuring year-round availability and supporting sustainable agriculture."
                           },
                           {
                               "Resource":  "Aquacultural Fish",
                               "Description":  "Fish raised in controlled aquatic environments provide a sustainable and nutritious food source, minimizing impact on natural ecosystems."
                           },
                           {
                               "Resource":  "Synthetic Protein",
                               "Description":  "Lab-grown synthetic proteins are widely consumed, offering a sustainable alternative to traditional meat and supporting food security."
                           }
                       ],
    "ActiveWars":  [

                   ],
    "SpecificAgreements":  [
                               {
                                   "Agreement":  "Galactic Peace Accord",
                                   "Description":  "A landmark agreement that fostered cooperation and peace among member planets, serving as the foundation for the Unity Alliance."
                               },
                               {
                                   "Agreement":  "Interstellar Trade Pact",
                                   "Description":  "Facilitates and promotes interstellar trade among member planets and allied factions, ensuring economic prosperity and mutual benefit."
                               },
                               {
                                   "Agreement":  "Cultural Exchange Treaty",
                                   "Description":  "Encourages cultural exchange and mutual understanding, with programs supporting artistic performances, educational exchanges, and collaborative projects."
                               }
                           ],
    "SpecialPublicHolidays":  [
                                  {
                                      "Name":  "Unity Day",
                                      "Description":  "Celebrates the founding principles of unity, cooperation, and harmony among member planets of the Unity Alliance."
                                  },
                                  {
                                      "Name":  "Green Harmony Festival",
                                      "Description":  "An annual celebration honoring environmental conservation efforts and sustainable practices across member planets."
                                  },
                                  {
                                      "Name":  "Interplanetary Cultural Exchange Day",
                                      "Description":  "Promotes cultural diversity and mutual understanding through artistic performances, culinary festivals, and cultural exhibitions."
                                  },
                                  {
                                      "Name":  "Galactic Peace Accord Anniversary",
                                      "Description":  "Commemorates the signing of the Galactic Peace Accord, a landmark agreement that fostered cooperation and peace among member planets."
                                  },
                                  {
                                      "Name":  "Science and Innovation Gala",
                                      "Description":  "Recognizes achievements in science, technology, and innovation, showcasing breakthroughs that contribute to the advancement of the Unity Alliance."
                                  }
                              ],
    "FoodCulture":  "Cuisine in the Unity Alliance is diverse and emphasizes sustainable, locally-sourced ingredients. Popular dishes include hydroponic salads, aquacultural seafood platters, and meals featuring synthetic protein.",
    "ClothingCulture":  "Clothing styles are eco-friendly and often incorporate organic materials. Fashion celebrates cultural diversity, with traditional garments being worn alongside modern, sustainable designs.",
    "PrimaryIndustries":  "Renewable Energy, Advanced Manufacturing, Cultural Exports",
    "GDP":  500000000000000,
    "GDPPerCapita":  100000,
    "Cloning":  "Cloning is tightly regulated, permitted for medical and scientific research but banned for human reproduction.",
    "Cybernetics":  "Cybernetics are common and advanced, used for medical enhancements, prosthetics, and augmentations to improve quality of life and productivity.",
    "MajorCriminalOrganisations":  [
                                       {
                                           "Name":  "The Shadow Network",
                                           "Description":  "A clandestine organization involved in espionage, smuggling, and cyber-crime, operating across multiple star systems."
                                       },
                                       {
                                           "Name":  "Void Cartel",
                                           "Description":  "A powerful syndicate engaged in drug trafficking, arms dealing, and black-market trading, with a wide-reaching influence."
                                       },
                                       {
                                           "Name":  "Nebula Corsairs",
                                           "Description":  "A notorious group of space pirates known for raiding cargo ships and outposts, disrupting trade routes and causing havoc in remote regions."
                                       }
                                   ],
    "Sector":  "Sector 2",
    "Homeworld":  "Beni Suef-2_0117",
    "XCoord":  "3978",
    "YCoord":  "4454"
}
