{
    "FactionName":  "Vance Consortium",
    "SymbolDescription":  "A stylized coin with gears and arrows symbolizing growth and profit.",
    "GovernmentType":  "Family Oligarchy",
    "LeadershipScore":  9,
    "LeadershipDescription":  "The Vance Consortium is governed by the Vance family dynasty, who hold majority control in the board of directors, ensuring decisions prioritize family wealth, influence, and market dominance.",
    "NameOfLeader":  "CEO Alan Vance",
    "ElectionProcess":  "Leadership positions within the Consortium are inherited by family members or appointed by the board of directors, who are themselves primarily from the Vance family. Corporate loyalty and performance influence appointments.",
    "EconomyScore":  6,
    "EconomyDescription":  "The economy of the Vance Consortium is highly capitalist and market-driven, characterized by robust industries in finance, technology, resource extraction, and interstellar trade. Corporate competition fuels economic growth and innovation.",
    "Currency":  "Vance Credit",
    "MilitaryScore":  7,
    "MilitaryDescription":  "The Consortium maintains a formidable military force primarily focused on protecting family interests, securing resource-rich planets, and safeguarding trade routes. It leverages private military contractors and advanced weaponry.",
    "DiplomaticRelationships":  "The Vance Consortium engages in pragmatic diplomacy, seeking advantageous trade agreements, market access, and economic partnerships while prioritizing family interests over ideological alignment.",
    "ArchitecturalStyle":  "Vance architecture features sleek, modern designs that showcase family wealth and power, with towering skyscrapers, corporate campuses, and opulent urban centers dominating the skyline.",
    "PopulationScore":  7,
    "Population":  1200000000,
    "FreedomIndex":  5,
    "Slavery":  "Allowed, indentured servitude and contract labor",
    "Incarceration":  "The Consortium employs private prisons and labor camps, with punishments often involving forced labor and heavy fines. Legal protections favor corporate interests over individual rights.",
    "UnityScore":  6,
    "TechnologyScore":  9,
    "TechnologyDescription":  "The Vance Consortium extensively employs advanced level 4 sentient AI across industries for corporate governance, market analysis, logistical operations, and consumer analytics to maximize efficiency and profitability.",
    "Religion":  "Religion holds minimal influence in the Vance Consortium, with profit and economic growth serving as the dominant ethos. Corporate ethics prioritize shareholder value, market competition, and growth.",
    "History":  "Founded by CEO Alan Vance and his descendants, the Vance Consortium rose to prominence through economic expansion, aggressive market strategies, and corporate mergers and acquisitions across star systems.",
    "Language":  "Corporate Standard (CS), evolved from trade languages and corporate jargon, designed for efficient communication among business entities, with a focus on clarity, precision, and contractual terms.",
    "ValuesAndEthics":  "Profitability, Competition, Efficiency",
    "SocialStructure":  "The society is stratified based on family hierarchy and wealth accumulation, with opportunities and privileges determined by family success and market influence.",
    "LegalSystem":  "The legal framework prioritizes family interests, corporate law, contract enforcement, and intellectual property rights, ensuring protection of family wealth and facilitating business operations.",
    "EducationScore":  6,
    "EducationDescription":  "Education is largely privatized, focusing on business, technology, and vocational training to meet corporate demands. Access to quality education varies based on family sponsorship and wealth.",
    "HealthCare":  "Healthcare services are primarily privatized and accessible based on corporate insurance plans and individual wealth, prioritizing profitability and cost efficiency in medical care delivery.",
    "Infrastructure":  "The Vance Consortium invests in cutting-edge infrastructure to support economic activities, including high-speed transportation networks, corporate research facilities, and luxury residential complexes.",
    "NotableFigures":  "CEO Alan Vance, visionary entrepreneur and founder of Vance Galactic Enterprises, a leading corporation in interstellar logistics and resource management.",
    "PopularSport":  "Corporate Cup, an exclusive sporting event sponsored by mega-corporations, showcasing elite athletes and corporate sponsorship in competitive sports leagues.",
    "ConflictingInternalFactions":  [
                                        {
                                            "Name":  "Equity Reformers",
                                            "Description":  "Advocates for more equitable wealth distribution and increased employee rights, challenging the family\u0027s absolute control and corporate practices."
                                        },
                                        {
                                            "Name":  "Technological Innovators",
                                            "Description":  "Pushes for aggressive technological advancement and greater AI integration, sometimes clashing with traditionalists within the family and board."
                                        },
                                        {
                                            "Name":  "Labor Rights Coalition",
                                            "Description":  "Seeks to improve working conditions, reduce indentured servitude, and implement fair labor practices, often at odds with corporate profitability goals."
                                        }
                                    ],
    "ResourceDependency":  [
                               {
                                   "Resource":  "Rare Minerals",
                                   "Description":  "Essential for high-tech manufacturing and AI development, sourced from remote planets and asteroids under strict corporate control."
                               },
                               {
                                   "Resource":  "Energy Crystals",
                                   "Description":  "A vital energy source powering advanced technology and infrastructure, extracted from specific planetary regions."
                               },
                               {
                                   "Resource":  "Luxury Goods",
                                   "Description":  "High-end products and commodities that symbolize wealth and status, heavily marketed and consumed within the Consortium."
                               }
                           ],
    "FoodDependency":  [
                           {
                               "Resource":  "Synthetic Meat",
                               "Description":  "Lab-grown meat products that dominate the food market, providing a sustainable and efficient protein source."
                           },
                           {
                               "Resource":  "High-Nutrient Grains",
                               "Description":  "Genetically modified grains engineered for high yield and nutritional value, forming the basis of the diet for most inhabitants."
                           },
                           {
                               "Resource":  "Hydroponic Vegetables",
                               "Description":  "Vegetables grown in controlled environments to ensure year-round supply and quality, supporting urban populations."
                           }
                       ],
    "ActiveWars":  [

                   ],
    "SpecificAgreements":  [
                               {
                                   "Agreement":  "Interstellar Trade Pact",
                                   "Description":  "Facilitates and promotes interstellar trade among member planets and allied factions, ensuring economic prosperity and mutual benefit."
                               },
                               {
                                   "Agreement":  "Corporate Security Treaty",
                                   "Description":  "Establishes mutual defense agreements and security cooperation between the Consortium and allied factions, protecting shared economic interests."
                               },
                               {
                                   "Agreement":  "Resource Extraction Accords",
                                   "Description":  "Regulates and facilitates the extraction and trade of rare minerals and energy crystals, ensuring steady supply and economic stability."
                               }
                           ],
    "SpecialPublicHolidays":  [
                                  {
                                      "Name":  "Founder\u0027s Day",
                                      "Description":  "Celebrates the founding of the Vance Consortium and the entrepreneurial spirit of the Vance family."
                                  },
                                  {
                                      "Name":  "Profit Day",
                                      "Description":  "Marks the end of the fiscal year with celebrations of corporate success, bonuses, and promotions."
                                  },
                                  {
                                      "Name":  "Innovation Week",
                                      "Description":  "A week-long event showcasing technological advancements, new product launches, and industry innovations."
                                  },
                                  {
                                      "Name":  "Labor Appreciation Day",
                                      "Description":  "Recognizes the contributions of workers, though often seen as a token gesture rather than a genuine effort to address labor issues."
                                  },
                                  {
                                      "Name":  "Trade Fair",
                                      "Description":  "An annual event where businesses and investors gather to showcase products, form partnerships, and negotiate deals."
                                  }
                              ],
    "FoodCulture":  "Cuisine emphasizes convenience and efficiency, with a focus on synthetic meats, high-nutrient grains, and hydroponic vegetables. Gourmet food is a luxury for the wealthy.",
    "ClothingCulture":  "Fashion is influenced by corporate trends, with high-status individuals donning designer business attire and casual wear integrating smart fabrics and tech accessories.",
    "PrimaryIndustries":  "Finance, Technology, Resource Extraction, Interstellar Trade",
    "GDP":  7500000000000,
    "GDPPerCapita":  6250,
    "Cloning":  "Cloning is permitted for industrial purposes, including workforce augmentation and medical applications, but tightly regulated to prevent ethical abuses.",
    "Cybernetics":  "Cybernetics are widely used, enhancing productivity and quality of life, with advancements driven by corporate research and consumer demand.",
    "MajorCriminalOrganisations":  [
                                       {
                                           "Name":  "The Black Syndicate",
                                           "Description":  "A shadowy organization involved in illegal arms trading, smuggling, and corporate espionage, often hired by rival factions or internal dissenters."
                                       },
                                       {
                                           "Name":  "The Enforcers",
                                           "Description":  "A powerful gang specializing in protection rackets, contract enforcement, and black-market activities, with ties to some corporate interests."
                                       },
                                       {
                                           "Name":  "The Vance Cartel",
                                           "Description":  "An infamous criminal network that engages in drug trafficking, human trafficking, and money laundering, covertly operating within the Consortium\u0027s territories."
                                       }
                                   ],
    "Sector":  "Sector 2",
    "Homeworld":  "Coelho Neto-2_0007",
    "XCoord":  "3010",
    "YCoord":  "2479"
}
