{
    "FactionName":  "Verdant Alliance",
    "SymbolDescription":  "A stylized leaf intertwined with a golden grain stalk, symbolizing abundance and harmony with nature.",
    "GovernmentType":  "Democratic Agrarian Council",
    "LeadershipScore":  7,
    "LeadershipDescription":  "The Verdant Alliance is governed by a council of elected representatives from agricultural cooperatives and trade guilds, ensuring decisions prioritize sustainable farming practices, equitable distribution of resources, and environmental stewardship.",
    "NameOfLeader":  "Council President",
    "ElectionProcess":  "Leaders are elected through a democratic process involving all members of agricultural cooperatives and trade guilds. Elections focus on selecting individuals committed to sustainable practices and community welfare.",
    "EconomyScore":  4,
    "EconomyDescription":  "The economy of the Verdant Alliance revolves around agriculture and the trading of organic produce, emphasizing sustainable farming methods, biodiversity conservation, and fair trade practices. Key industries include organic farming, agroforestry, agritech innovation, and eco-tourism.",
    "Currency":  "Verdant Credit",
    "MilitaryScore":  4,
    "MilitaryDescription":  "The Alliance maintains a modest defensive force focused on protecting agricultural territories from environmental threats, ensuring food security, and preventing exploitation of natural resources. It relies on cooperative defense agreements with neighboring factions.",
    "DiplomaticRelationships":  "The Verdant Alliance prioritizes alliances with factions sharing similar values of environmental conservation, sustainable development, and fair trade. Diplomatic efforts focus on promoting organic farming practices and biodiversity protection across star systems.",
    "ArchitecturalStyle":  "Verdant architecture blends harmoniously with natural landscapes, featuring eco-friendly designs, green roofs, vertical gardens, and sustainable materials. Urban centers are interspersed with agricultural zones and community gardens.",
    "PopulationScore":  8,
    "Population":  8000000000,
    "FreedomIndex":  8,
    "Slavery":  "Not allowed, emphasis on labor rights and fair trade practices",
    "Incarceration":  "The Alliance uses restorative justice practices focused on rehabilitation and community service, rather than punitive incarceration. Prisons are eco-friendly and emphasize skill-building for reintegration.",
    "UnityScore":  7,
    "TechnologyScore":  6,
    "TechnologyDescription":  "The Verdant Alliance uses simple level 1 AI for agricultural automation and environmental monitoring, ensuring efficient crop management, soil health, and biodiversity conservation.",
    "Religion":  "The Alliance embraces diverse spiritual beliefs that emphasize reverence for nature, agricultural cycles, and ecosystem harmony. Spiritual practices often integrate with sustainable living and community rituals.",
    "History":  "Founded by agrarian pioneers seeking to escape over-industrialization, the Verdant Alliance grew through collaborative efforts in organic farming, sustainable agriculture, and environmental advocacy across star systems.",
    "Language":  "Harmony Tongue, rooted in agricultural terminology and regional dialects, designed to promote unity among farmers and traders, with a focus on ecological terminology and community values.",
    "ValuesAndEthics":  "Sustainability, Community, Biodiversity",
    "SocialStructure":  "The society values communal living, mutual support among farmers, and equitable access to agricultural resources. Social status is often determined by contributions to ecological stewardship and community well-being.",
    "LegalSystem":  "The legal framework prioritizes environmental protection, sustainable farming practices, and fair trade agreements, ensuring equitable distribution of agricultural resources and biodiversity conservation.",
    "EducationScore":  7,
    "EducationDescription":  "Education emphasizes ecological literacy, sustainable farming techniques, and biodiversity conservation. Free access to agricultural training programs and eco-science education promotes environmental stewardship.",
    "HealthCare":  "Universal healthcare focuses on holistic wellness, preventive medicine, and herbal remedies derived from agricultural biodiversity. Community health centers and eco-clinics provide accessible healthcare services.",
    "Infrastructure":  "The Alliance invests in eco-friendly infrastructure, including green energy solutions, water management systems, agricultural research stations, and eco-villages designed for sustainable living.",
    "NotableFigures":  "Dr. Li Wei, pioneering agronomist and advocate for organic farming practices in space colonization.",
    "PopularSport":  "Harvest Games, an annual agricultural festival celebrating bountiful harvests, sustainable farming techniques, and community solidarity.",
    "ConflictingInternalFactions":  [
                                        {
                                            "Name":  "Industrial Expansionists",
                                            "Description":  "Advocate for integrating more industrial methods into farming to increase productivity, often clashing with traditionalists who prioritize sustainability."
                                        },
                                        {
                                            "Name":  "Eco-Purists",
                                            "Description":  "Insist on maintaining strict organic and eco-friendly practices, sometimes resisting technological advancements that could benefit overall productivity."
                                        },
                                        {
                                            "Name":  "Tech Innovators",
                                            "Description":  "Push for greater integration of technology in agriculture, aiming to balance eco-friendly practices with modern efficiency."
                                        }
                                    ],
    "ResourceDependency":  [
                               {
                                   "Resource":  "Organic Seeds",
                                   "Description":  "High-quality organic seeds that are crucial for maintaining biodiversity and sustainable agriculture, sourced from eco-preserves and heirloom seed banks."
                               },
                               {
                                   "Resource":  "Green Energy",
                                   "Description":  "Renewable energy sources like solar, wind, and bioenergy that power agricultural operations and eco-settlements."
                               },
                               {
                                   "Resource":  "Water Resources",
                                   "Description":  "Clean and sustainable water sources necessary for irrigation and maintaining agricultural productivity."
                               }
                           ],
    "FoodDependency":  [
                           {
                               "Resource":  "Organic Vegetables",
                               "Description":  "A variety of organic vegetables grown through sustainable farming practices, forming the dietary staple of the population."
                           },
                           {
                               "Resource":  "Heirloom Grains",
                               "Description":  "Nutrient-rich grains cultivated from heirloom varieties, valued for their health benefits and biodiversity."
                           },
                           {
                               "Resource":  "Agroforestry Products",
                               "Description":  "Products derived from integrated agriculture and forestry systems, including fruits, nuts, and medicinal plants."
                           }
                       ],
    "ActiveWars":  [

                   ],
    "SpecificAgreements":  [
                               {
                                   "Agreement":  "Green Trade Accord",
                                   "Description":  "Promotes fair trade of organic produce and sustainable goods among member planets and allied factions."
                               },
                               {
                                   "Agreement":  "Biodiversity Conservation Treaty",
                                   "Description":  "Establishes cooperative efforts to protect and restore biodiversity across different ecosystems and star systems."
                               },
                               {
                                   "Agreement":  "Sustainable Agriculture Partnership",
                                   "Description":  "Encourages collaboration on sustainable farming techniques, sharing knowledge, and resources among agricultural communities."
                               }
                           ],
    "SpecialPublicHolidays":  [
                                  {
                                      "Name":  "Founders\u0027 Day",
                                      "Description":  "Celebrates the founding of the Verdant Alliance and the pioneering efforts of its agrarian founders."
                                  },
                                  {
                                      "Name":  "Biodiversity Festival",
                                      "Description":  "An annual event dedicated to celebrating and promoting biodiversity through educational programs, eco-friendly activities, and community events."
                                  },
                                  {
                                      "Name":  "Sustainability Week",
                                      "Description":  "A week-long celebration of sustainable practices, including workshops, fairs, and community projects focused on ecological conservation."
                                  },
                                  {
                                      "Name":  "Harvest Festival",
                                      "Description":  "Marks the end of the agricultural cycle with festivities celebrating the harvest, community achievements, and sustainable living."
                                  },
                                  {
                                      "Name":  "Green Energy Day",
                                      "Description":  "Highlights the importance of renewable energy sources, with activities and events promoting green energy solutions."
                                  }
                              ],
    "FoodCulture":  "Cuisine emphasizes fresh, organic produce and traditional recipes that reflect regional biodiversity. Community meals and food sharing are integral to social life.",
    "ClothingCulture":  "Fashion incorporates natural fibers, sustainable materials, and eco-friendly designs, often reflecting local agricultural heritage and environmental themes.",
    "PrimaryIndustries":  "Agriculture, Eco-tourism, Agritech Innovation, Biodiversity Conservation",
    "GDP":  30000000000000,
    "GDPPerCapita":  3750,
    "Cloning":  "Cloning is restricted to agricultural applications, such as producing disease-resistant crops and livestock, with strict ethical guidelines to prevent misuse.",
    "Cybernetics":  "Cybernetics are minimally used, primarily for agricultural enhancements and environmental monitoring, respecting the balance between technology and nature.",
    "MajorCriminalOrganisations":  [
                                       {
                                           "Name":  "The Poachers",
                                           "Description":  "An illegal group involved in wildlife trafficking and exploitation of natural resources, posing a threat to biodiversity conservation efforts."
                                       },
                                       {
                                           "Name":  "The Agro-Mafia",
                                           "Description":  "A criminal organization that engages in illicit trade of agricultural goods, manipulating markets, and exploiting farmers."
                                       },
                                       {
                                           "Name":  "Eco-Saboteurs",
                                           "Description":  "A radical group that uses extreme measures to oppose industrial agriculture and promote eco-terrorism, often causing conflicts within the Alliance."
                                       }
                                   ],
    "Sector":  "Sector 2",
    "Homeworld":  "Mampong-2_0009",
    "XCoord":  "3483",
    "YCoord":  "375"
}
